Hermandad,Logo,Día
Pino Montano,https://i0.wp.com/www.hermandades-de-sevilla.org/wp-content/uploads/2023/01/pinomontano.jpg?fit=130%2C130&ssl=1,Viernes de Dolores
La Misión,https://i0.wp.com/www.hermandades-de-sevilla.org/wp-content/uploads/2023/01/claret.jpg?fit=130%2C130&ssl=1,Viernes de Dolores
Dulce Nombre (Bellavista),https://i0.wp.com/www.hermandades-de-sevilla.org/wp-content/uploads/2023/01/bellavista.jpg?fit=130%2C130&ssl=1,Viernes de Dolores
Pasión y Muerte,https://i0.wp.com/www.hermandades-de-sevilla.org/wp-content/uploads/2023/01/pasionymuerte.jpg?fit=130%2C130&ssl=1,Viernes de Dolores
Bendición y Esperanza,https://i0.wp.com/www.hermandades-de-sevilla.org/wp-content/uploads/2025/03/escudo-bendicionyesperanza.png?fit=344%2C400&ssl=1,Viernes de Dolores
Stmo. Cristo de la Corona,https://i0.wp.com/www.hermandades-de-sevilla.org/wp-content/uploads/2023/01/corona.jpg?fit=130%2C130&ssl=1,Viernes de Dolores
Padre Pío,https://i0.wp.com/www.hermandades-de-sevilla.org/wp-content/uploads/2023/01/padrepio.jpg?fit=130%2C130&ssl=1,Sábado de Pasión
Divino Perdón,https://i0.wp.com/www.hermandades-de-sevilla.org/wp-content/uploads/2023/01/perdon.jpg?fit=130%2C130&ssl=1,Sábado de Pasión
Torreblanca,https://i0.wp.com/www.hermandades-de-sevilla.org/wp-content/uploads/2023/01/torreblanca.jpg?fit=130%2C130&ssl=1,Sábado de Pasión
San José Obrero,https://i0.wp.com/www.hermandades-de-sevilla.org/wp-content/uploads/2023/01/sanjose_obrero-1.jpg?fit=130%2C130&ssl=1,Sábado de Pasión
La Milagrosa,https://i0.wp.com/www.hermandades-de-sevilla.org/wp-content/uploads/2023/01/la_milagrosa.jpg?fit=130%2C130&ssl=1,Sábado de Pasión
Jesús Despojado,https://i0.wp.com/www.hermandades-de-sevilla.org/wp-content/uploads/2022/09/Jesus-Despojado.jpg?fit=400%2C400&ssl=1,Domingo de Ramos
La Paz,https://i0.wp.com/www.hermandades-de-sevilla.org/wp-content/uploads/2022/09/La-Paz.jpg?fit=368%2C400&ssl=1,Domingo de Ramos
La Cena,https://i0.wp.com/www.hermandades-de-sevilla.org/wp-content/uploads/2022/09/La-Cena.jpg?fit=400%2C400&ssl=1,Domingo de Ramos
La Hiniesta,https://i0.wp.com/www.hermandades-de-sevilla.org/wp-content/uploads/2022/09/Hiniesta.jpg?fit=400%2C400&ssl=1,Domingo de Ramos
San Roque,https://i0.wp.com/www.hermandades-de-sevilla.org/wp-content/uploads/2022/09/San-Roque.webp?fit=115%2C115&ssl=1,Domingo de Ramos
La Estrella,https://i0.wp.com/www.hermandades-de-sevilla.org/wp-content/uploads/2022/09/Estrella.jpg?fit=512%2C512&ssl=1,Domingo de Ramos
La Amargura,https://i0.wp.com/www.hermandades-de-sevilla.org/wp-content/uploads/2022/09/Amargura.png?fit=480%2C498&ssl=1,Domingo de Ramos
El Amor,https://i0.wp.com/www.hermandades-de-sevilla.org/wp-content/uploads/2022/09/Amor.jpg?fit=400%2C400&ssl=1,Domingo de Ramos
Cautivo y Rescatado,https://i0.wp.com/www.hermandades-de-sevilla.org/wp-content/uploads/2022/12/CautivoyRescatado.jpg?fit=1068%2C1200&ssl=1,Lunes Santo
Redención -Rocío,https://i0.wp.com/www.hermandades-de-sevilla.org/wp-content/uploads/2022/12/Redencion-3.jpg?fit=1068%2C1200&ssl=1,Lunes Santo
Santa Genoveva,https://i0.wp.com/www.hermandades-de-sevilla.org/wp-content/uploads/2022/12/Santa-Genoveva.jpg?fit=911%2C1024&ssl=1,Lunes Santo
San Gonzalo,https://i0.wp.com/www.hermandades-de-sevilla.org/wp-content/uploads/2022/12/San-Gonzalo-2.jpg?fit=1068%2C1200&ssl=1,Lunes Santo
Santa Marta,https://i0.wp.com/www.hermandades-de-sevilla.org/wp-content/uploads/2022/12/Santa-Marta-2.jpg?fit=1068%2C1200&ssl=1,Lunes Santo
Vera+Cruz,https://i0.wp.com/www.hermandades-de-sevilla.org/wp-content/uploads/2022/12/VeraCruz.jpg?fit=1068%2C1200&ssl=1,Lunes Santo
Las Penas,https://i0.wp.com/www.hermandades-de-sevilla.org/wp-content/uploads/2022/12/Las-Penas.jpg?fit=1068%2C1200&ssl=1,Lunes Santo
Las Aguas,https://i0.wp.com/www.hermandades-de-sevilla.org/wp-content/uploads/2022/12/Las-Aguas.png?fit=1068%2C1200&ssl=1,Lunes Santo
El Museo,https://i0.wp.com/www.hermandades-de-sevilla.org/wp-content/uploads/2022/12/El-Museo.jpg?fit=1068%2C1200&ssl=1,Lunes Santo
San Esteban,https://i0.wp.com/www.hermandades-de-sevilla.org/wp-content/uploads/2022/12/San-Esteban.jpg?fit=1068%2C1200&ssl=1,Martes Santo
Dolores del Cerro,https://i0.wp.com/www.hermandades-de-sevilla.org/wp-content/uploads/2022/12/El-Cerro.jpg?fit=1068%2C1200&ssl=1,Martes Santo
La Candelaria,https://i0.wp.com/www.hermandades-de-sevilla.org/wp-content/uploads/2022/12/La-Candelaria.jpg?fit=911%2C1024&ssl=1,Martes Santo
San Benito,https://i0.wp.com/www.hermandades-de-sevilla.org/wp-content/uploads/2022/12/San-Benito.jpg?fit=1068%2C1200&ssl=1,Martes Santo
Dulce Nombre,https://i0.wp.com/www.hermandades-de-sevilla.org/wp-content/uploads/2022/12/Dulce-Nombre.jpg?fit=1068%2C1200&ssl=1,Martes Santo
Los Javieres,https://i0.wp.com/www.hermandades-de-sevilla.org/wp-content/uploads/2022/12/Los-Javieres.jpg?fit=1068%2C1200&ssl=1,Martes Santo
Los Estudiantes,https://i0.wp.com/www.hermandades-de-sevilla.org/wp-content/uploads/2022/12/Los-Estudiantes.jpg?fit=1068%2C1200&ssl=1,Martes Santo
Santa Cruz,https://i0.wp.com/www.hermandades-de-sevilla.org/wp-content/uploads/2022/12/Santa-Cruz.jpg?fit=1068%2C1200&ssl=1,Martes Santo
El Carmen,https://i0.wp.com/www.hermandades-de-sevilla.org/wp-content/uploads/2023/01/Escudo_de_la_Hermandad_del_Carmen.png?fit=1409%2C1456&ssl=1,Miércoles Santo
La Sed,https://i0.wp.com/www.hermandades-de-sevilla.org/wp-content/uploads/2023/01/Sed.png?fit=400%2C400&ssl=1,Miércoles Santo
San Bernardo,https://i0.wp.com/www.hermandades-de-sevilla.org/wp-content/uploads/2023/01/San-Bernardo.jpg?fit=399%2C399&ssl=1,Miércoles Santo
Buen Fin,https://i0.wp.com/www.hermandades-de-sevilla.org/wp-content/uploads/2023/01/Buen-Fin.jpg?fit=400%2C400&ssl=1,Miércoles Santo
Sagrada Lanzada,https://i0.wp.com/www.hermandades-de-sevilla.org/wp-content/uploads/2023/01/Lanzada.png?fit=1530%2C1542&ssl=1,Miércoles Santo
El Baratillo,https://i0.wp.com/www.hermandades-de-sevilla.org/wp-content/uploads/2023/01/Baratillo.jpg?fit=400%2C400&ssl=1,Miércoles Santo
Cristo de Burgos,https://i0.wp.com/www.hermandades-de-sevilla.org/wp-content/uploads/2023/01/Cristo-de-Burgos.jpg?fit=400%2C400&ssl=1,Miércoles Santo
Siete Palabras,https://i0.wp.com/www.hermandades-de-sevilla.org/wp-content/uploads/2023/01/Siete-Palabras.jpg?fit=398%2C398&ssl=1,Miércoles Santo
Los Panaderos,https://i0.wp.com/www.hermandades-de-sevilla.org/wp-content/uploads/2023/01/Panaderos.jpg?fit=180%2C180&ssl=1,Miércoles Santo
Los Negritos,https://i0.wp.com/www.hermandades-de-sevilla.org/wp-content/uploads/2023/01/Negritos.jpg?fit=400%2C400&ssl=1,Jueves Santo
La Exaltación,https://i0.wp.com/www.hermandades-de-sevilla.org/wp-content/uploads/2023/01/La-Exaltacion.jpeg?fit=400%2C400&ssl=1,Jueves Santo
Las Cigarreras,https://i0.wp.com/www.hermandades-de-sevilla.org/wp-content/uploads/2023/01/Cigarreras.jpg?fit=399%2C399&ssl=1,Jueves Santo
Monte-Sión,https://i0.wp.com/www.hermandades-de-sevilla.org/wp-content/uploads/2023/01/Montesion.jpg?fit=400%2C400&ssl=1,Jueves Santo
La Quinta Angustia,https://i0.wp.com/www.hermandades-de-sevilla.org/wp-content/uploads/2023/01/Quinta-Angustia.jpg?fit=400%2C400&ssl=1,Jueves Santo
El Valle,https://i0.wp.com/www.hermandades-de-sevilla.org/wp-content/uploads/2023/01/El-Valle.jpg?fit=400%2C400&ssl=1,Jueves Santo
Pasión,https://i0.wp.com/www.hermandades-de-sevilla.org/wp-content/uploads/2023/01/Pasion.jpg?fit=400%2C400&ssl=1,Jueves Santo
Carretería,https://i0.wp.com/www.hermandades-de-sevilla.org/wp-content/uploads/2023/01/Carreteria.jpg?fit=400%2C400&ssl=1,Viernes Santo
La Soledad,https://i0.wp.com/www.hermandades-de-sevilla.org/wp-content/uploads/2023/01/Soledad.jpg?fit=400%2C400&ssl=1,Viernes Santo
El Cachorro,https://i0.wp.com/www.hermandades-de-sevilla.org/wp-content/uploads/2023/01/El-Cachorro.jpg?fit=400%2C400&ssl=1,Viernes Santo
La O,https://i0.wp.com/www.hermandades-de-sevilla.org/wp-content/uploads/2023/01/La-O.jpg?fit=400%2C400&ssl=1,Viernes Santo
Tres Caídas de San Isidoro,https://i0.wp.com/www.hermandades-de-sevilla.org/wp-content/uploads/2023/01/8sZwfFSl_400x400.jpg?fit=374%2C374&ssl=1,Viernes Santo
Montserrat,https://i0.wp.com/www.hermandades-de-sevilla.org/wp-content/uploads/2023/01/Monteserrat.jpg?fit=400%2C400&ssl=1,Viernes Santo
Sagrada Mortaja,https://i0.wp.com/www.hermandades-de-sevilla.org/wp-content/uploads/2023/01/Mortaja.jpg?fit=465%2C507&ssl=1,Viernes Santo
El Sol,https://i0.wp.com/www.hermandades-de-sevilla.org/wp-content/uploads/2023/01/El-sol-1.png?fit=160%2C154&ssl=1,Sábado Santo
Los Servitas,https://i0.wp.com/www.hermandades-de-sevilla.org/wp-content/uploads/2023/01/Los-Servitas-1.jpg?fit=137%2C162&ssl=1,Sábado Santo
La Trinidad,https://i0.wp.com/www.hermandades-de-sevilla.org/wp-content/uploads/2023/01/Trinidad.png?fit=400%2C400&ssl=1,Sábado Santo
El Santo Entierro,https://i0.wp.com/www.hermandades-de-sevilla.org/wp-content/uploads/2023/01/El-Santo-Entierro.jpg?fit=97%2C114&ssl=1,Sábado Santo
La Soledad,https://i0.wp.com/www.hermandades-de-sevilla.org/wp-content/uploads/2023/01/La-Soledad.jpeg?fit=400%2C400&ssl=1,Sábado Santo
La Resurrección,https://i0.wp.com/www.hermandades-de-sevilla.org/wp-content/uploads/2023/01/Resureccion-1.jpg?fit=400%2C400&ssl=1,Domingo de  Resurrección
